<?xml version="1.0" encoding="UTF-8"?>
<project-private xmlns="http://www.netbeans.org/ns/project-private/1">
    <editor-bookmarks xmlns="http://www.netbeans.org/ns/editor-bookmarks/2" lastBookmarkId="0"/>
    <open-files xmlns="http://www.netbeans.org/ns/projectui-open-files/2">
        <group>
            <file>file:/C:/Users/ALAA/Documents/SalesInvoiceMayNihad/SalesInvoiceGenerator/src/salesinvoice/model/InvoiceLine.java</file>
            <file>file:/C:/Users/ALAA/Documents/SalesInvoiceMayNihad/SalesInvoiceGenerator/src/salesinvoice/model/InvoiceHeaderTableModel.java</file>
            <file>file:/C:/Users/ALAA/Documents/SalesInvoiceMayNihad/SalesInvoiceGenerator/src/salesinvoice/view/InvoiceTable.java</file>
            <file>file:/C:/Users/ALAA/Documents/SalesInvoiceMayNihad/SalesInvoiceGenerator/src/salesinvoice/controller/Controller.java</file>
            <file>file:/C:/Users/ALAA/Documents/SalesInvoiceMayNihad/SalesInvoiceGenerator/src/salesinvoice/view/GUI.java</file>
            <file>file:/C:/Users/ALAA/Documents/SalesInvoiceMayNihad/SalesInvoiceGenerator/src/salesinvoice/model/InvoiceHeader.java</file>
            <file>file:/C:/Users/ALAA/Documents/SalesInvoiceMayNihad/SalesInvoiceGenerator/src/salesinvoice/view/LineTable.java</file>
        </group>
    </open-files>
</project-private>
